<?xml version="1.0" encoding="utf-8" standalone="no"?>
<application xmlns="http://ns.adobe.com/air/application/3.4">

<id>Micerapido</id>

<filename>Micerapido</filename>

<name>Micerapido</name>

<versionNumber>1.0.0</versionNumber>

<description>Fromage !</description>

<copyright>Copyright GOKU TFM!</copyright>

<initialWindow>

<content>Micerapido.swf</content>

<title>Micerapido</title>

<autoOrients>false</autoOrients>

<fullScreen>true</fullScreen>

<visible>true</visible>

</initialWindow>

</application>
		